name,slug,external link,private(true/false),theme(deafult/standard/classic/modern),logo(link),logos(links),document(link)
Name_toemo,wkccjnwdav,https://www.rrkfcdk.com,True,classic,https://example.com/mmadttynj.jpg,"https://example.com/udnnrsqlp.jpg,https://example.com/kbutztrgn.jpg",https://docs.hwdesmp.com/document/zunzxkbjtjxe
Name_gzadz,lgktreazyu,https://www.vhpiqnj.com,False,modern,https://example.com/qthqsgibj.jpg,"https://example.com/jqoqppzgg.jpg,https://example.com/fycmitifo.jpg",https://docs.gfdftpm.com/document/rtkhksbfeble
Name_mnhjz,ayshituisl,https://www.fyuzcaz.com,True,modern,https://example.com/udyqmdrof.jpg,"https://example.com/pzzottqeb.jpg,https://example.com/vuenogwuc.jpg",https://docs.sumvwtf.com/document/qixjmjarjobj
Name_dykle,yrhlzaauhq,https://www.teliyun.com,True,modern,https://example.com/acjvoxgxn.jpg,"https://example.com/gcabtfmvx.jpg,https://example.com/bywpahzgr.jpg,https://example.com/lsamkqkbp.jpg",https://docs.gvbkhir.com/document/tanjdgswhiyi
Name_ocgvx,kcwneukvlf,https://www.rpmimxd.com,False,modern,https://example.com/qqpjcpxmq.jpg,"https://example.com/nrunqgats.jpg,https://example.com/rcgqqxqhe.jpg,https://example.com/qphvpfyls.jpg",https://docs.qneobqm.com/document/ngcltxtklkvb
Name_soejw,toslwyybdd,https://www.frzokpy.com,False,classic,https://example.com/nshoszzzy.jpg,https://example.com/qbruhfrfg.jpg,https://docs.kacfbgl.com/document/fbngszrnvnft
Name_lwcgm,wrovrgygdc,https://www.wrdkmhx.com,False,classic,https://example.com/lzyoyqvnq.jpg,"https://example.com/rtmpladtw.jpg,https://example.com/yxcgipppl.jpg,https://example.com/afnwmtfsj.jpg",https://docs.fkwwfub.com/document/yoiwttwxqthi
Name_ubelx,oonmfrbnrv,https://www.bsdyzdm.com,True,modern,https://example.com/xanyxcdnw.jpg,"https://example.com/awdjuhszi.jpg,https://example.com/ieattiyol.jpg,https://example.com/sfhtodewa.jpg",https://docs.ouenytm.com/document/wmsnlmhqtwll
Name_dtyef,usjdwlgveh,https://www.pqapwbj.com,True,classic,https://example.com/jbngnikks.jpg,"https://example.com/rilckkgba.jpg,https://example.com/svnchurfi.jpg",https://docs.dostfup.com/document/thgunachwqab
Name_ydoql,vwaxjngndb,https://www.wevdwiw.com,False,classic,https://example.com/qinjutrkn.jpg,https://example.com/fzkzayjuy.jpg,https://docs.nuppqez.com/document/wyekbgxyujxd
Name_ntuvn,xoyiyfkjwj,https://www.vitmqch.com,True,classic,https://example.com/qopkwdxcw.jpg,"https://example.com/mbmlpgalt.jpg,https://example.com/qtvmrhwxl.jpg",https://docs.cztvcon.com/document/xvjqxvsnopft
Name_xkdob,fozgiiotjx,https://www.cxpvtvo.com,False,modern,https://example.com/xgcfyojya.jpg,"https://example.com/eryoeonbt.jpg,https://example.com/jiimxebhu.jpg,https://example.com/wiczmgyqh.jpg",https://docs.bfvzbua.com/document/uinvlhdjgpkn
Name_kxfoo,pizniasiyn,https://www.fqopjre.com,True,modern,https://example.com/jkrlftejt.jpg,"https://example.com/cndjytnbv.jpg,https://example.com/tiqkhjkpp.jpg",https://docs.vkwenfg.com/document/qmuwywwscmeu
Name_aprur,qqoytarogb,https://www.hsfprsa.com,True,modern,https://example.com/cwsdkitxa.jpg,"https://example.com/sckvrrfwq.jpg,https://example.com/ympwlnvdn.jpg",https://docs.bhqnivv.com/document/fumtvkfvigop
Name_cxoue,xnzsyvrduc,https://www.bqdcmnv.com,True,default,https://example.com/sephrydtl.jpg,"https://example.com/egsvflikm.jpg,https://example.com/hygpwamdu.jpg,https://example.com/qsqmskcie.jpg",https://docs.qighelk.com/document/thxjlwgymnpf
Name_pmfni,hvnpxgxshb,https://www.yfrgjse.com,True,standard,https://example.com/hwyswjnoe.jpg,"https://example.com/unpdhqofa.jpg,https://example.com/tlzigetdg.jpg,https://example.com/nokjcabgd.jpg",https://docs.vganzhq.com/document/psoxskluqvgh
Name_gfscw,olxzwvfkyv,https://www.rcdpahz.com,False,default,https://example.com/fqtzicmhc.jpg,https://example.com/kjwupcxzk.jpg,https://docs.dpjedgl.com/document/djtujtgoyqxm
Name_wvfwi,yayocsyvkh,https://www.yrjyhft.com,True,modern,https://example.com/xjmnsmjmu.jpg,"https://example.com/eksvxovuu.jpg,https://example.com/ujmpjtyrp.jpg,https://example.com/xkfmxnjmi.jpg",https://docs.xudsejw.com/document/apdycgtookui
Name_xheqg,xlczxdcvvj,https://www.zulmfrr.com,False,default,https://example.com/eopovqjtp.jpg,"https://example.com/zpaewbchc.jpg,https://example.com/zbhkqllwn.jpg",https://docs.jokvebc.com/document/urrqatmhsgde
Name_pruzh,dcztgyexsy,https://www.zgnmdlq.com,True,classic,https://example.com/bbiubvsga.jpg,"https://example.com/smacyxcbn.jpg,https://example.com/azlomsgzf.jpg,https://example.com/gegqagjqk.jpg",https://docs.lqzsazx.com/document/oouqumdqdpcq
Name_vmsrn,qmkalctueq,https://www.fciwktg.com,False,standard,https://example.com/brubobpgd.jpg,https://example.com/eksalhcow.jpg,https://docs.qmxfdgp.com/document/ywsarksxupbb
Name_zskde,hublknsmpl,https://www.tssqnty.com,True,classic,https://example.com/rewsnwakg.jpg,"https://example.com/pbirlsadp.jpg,https://example.com/zvvnjchku.jpg,https://example.com/iqabghrmz.jpg",https://docs.mogfytd.com/document/xemkfspqkvgs
Name_upjbt,wyfifstiub,https://www.ynjodzi.com,False,standard,https://example.com/vqzkxqkqi.jpg,"https://example.com/foeqqxjex.jpg,https://example.com/yytsbxlum.jpg",https://docs.bxmorft.com/document/bklcblpkwebf
Name_eykeq,lfpgykehfi,https://www.oycbjjw.com,False,standard,https://example.com/eyciinrmo.jpg,https://example.com/ynteyaayd.jpg,https://docs.olrktxs.com/document/uzwenjewtmmq
Name_iglss,vhwpsfuvxa,https://www.befczdi.com,False,modern,https://example.com/ukaygjgtm.jpg,"https://example.com/seatfejol.jpg,https://example.com/hgtltcyad.jpg,https://example.com/dhzsqhpak.jpg",https://docs.xfqgssx.com/document/dpzamikblzbh
Name_slyhs,fneyxuiqdh,https://www.jgwlteq.com,False,standard,https://example.com/patuvqslq.jpg,"https://example.com/odeaugqcm.jpg,https://example.com/xuuwwcocq.jpg,https://example.com/bjvvldkyl.jpg",https://docs.dswwemz.com/document/ukfczjfuryyf
Name_exgnm,mbfxizvmof,https://www.mypnmlv.com,False,classic,https://example.com/btnffxcmh.jpg,https://example.com/yawkljaqa.jpg,https://docs.yskkbcg.com/document/utsskphfvjuk
Name_fqtvq,hmsgadegta,https://www.jrilmsd.com,True,standard,https://example.com/svdecwcyw.jpg,https://example.com/tikgvvvyk.jpg,https://docs.ckmuonw.com/document/hjxkcokczgnw
Name_atdzt,fealmujrbu,https://www.rikfbsu.com,True,modern,https://example.com/wwbropdrh.jpg,"https://example.com/auocjjmdh.jpg,https://example.com/pvdpsoilb.jpg,https://example.com/hyxaoqixr.jpg",https://docs.upovhmn.com/document/nklqmftixivb
Name_luagg,ajxkdqjgrf,https://www.jijosei.com,False,standard,https://example.com/ltojkjxjp.jpg,https://example.com/dwmqnazcv.jpg,https://docs.vuzzisw.com/document/hapsdjiordvu
Name_vxdmn,gbkbswqyqg,https://www.cgqshvl.com,True,modern,https://example.com/tznlzapkd.jpg,"https://example.com/zpselygvv.jpg,https://example.com/fclxarrdr.jpg",https://docs.cittbtq.com/document/kvgkapxddxju
Name_xqbbe,gavyoqwjbb,https://www.gafmwzs.com,True,modern,https://example.com/pqninxudk.jpg,"https://example.com/cwzendpaq.jpg,https://example.com/zutuayfme.jpg",https://docs.skeadvl.com/document/sepuaivhngdg
Name_ltvpw,wnkuxjkpqp,https://www.hzqoxcw.com,True,classic,https://example.com/ienboqhok.jpg,"https://example.com/tvguclroe.jpg,https://example.com/lleayqngs.jpg,https://example.com/ccckdeehu.jpg",https://docs.skfqjcp.com/document/ozsbzqnwcljw
Name_fjfhf,kjhrzcgmzr,https://www.cbhdhdm.com,True,standard,https://example.com/mbadodhxg.jpg,"https://example.com/dlobjhjsd.jpg,https://example.com/efxnizsyl.jpg",https://docs.jetxkqk.com/document/cnjrlmxanypj
Name_ksnli,sddwyfdlod,https://www.gpbuxpo.com,False,classic,https://example.com/tnffoeilt.jpg,"https://example.com/oxqlwbwvx.jpg,https://example.com/ddpmufirf.jpg",https://docs.kvmvyjb.com/document/tvdvcrflyxzl
Name_oewmw,budxhauyzm,https://www.vbfcxmx.com,False,default,https://example.com/qijbhnkia.jpg,"https://example.com/vjzagjeln.jpg,https://example.com/pcxksfgeh.jpg,https://example.com/tximdelpn.jpg",https://docs.ffqyxrv.com/document/zchiobqglctl
Name_hhroq,gkmkefzpap,https://www.vzflqie.com,False,default,https://example.com/ilbiwhwql.jpg,"https://example.com/gvuwvxbvy.jpg,https://example.com/uqsblqrfb.jpg,https://example.com/wevtizxyp.jpg",https://docs.rglvuje.com/document/cpcpyyfqethx
Name_vkrle,lqjxpyxjlw,https://www.ejjcyya.com,True,default,https://example.com/dwzmpulbf.jpg,"https://example.com/ompzcfelb.jpg,https://example.com/yobdcggfx.jpg",https://docs.dsfhlxo.com/document/hqyjofpslpfa
Name_bigah,bgylzwbsbj,https://www.budecpt.com,True,classic,https://example.com/blowotxvs.jpg,"https://example.com/wotupxpjj.jpg,https://example.com/pddilyhej.jpg,https://example.com/hbcfduinv.jpg",https://docs.nmifuyf.com/document/qnfqmqccnxpr
Name_temwh,ivoomiuywy,https://www.xtlcmze.com,False,default,https://example.com/chjfkytov.jpg,https://example.com/bnspwnlon.jpg,https://docs.vwklisz.com/document/zorclnraabij
Name_mdhka,oboikhldkx,https://www.limltcp.com,False,modern,https://example.com/swyxdqifz.jpg,https://example.com/uzbwwrkag.jpg,https://docs.vpzhcfx.com/document/xrzfwfedoqjs
Name_tjwbr,mkvfgtbprf,https://www.bteuyhh.com,True,standard,https://example.com/ikkvlpuhu.jpg,https://example.com/qtiwlsevf.jpg,https://docs.tpfxlty.com/document/uttbfxrokinv
Name_fpthf,mjqkolzysx,https://www.jvfeunj.com,True,classic,https://example.com/oybkstuze.jpg,"https://example.com/thnjxfgpa.jpg,https://example.com/idzilpikn.jpg",https://docs.jbkynut.com/document/xtfkppfvswbk
Name_mvkuw,kyusdlljjn,https://www.waytbfq.com,True,default,https://example.com/zaaxfjnvp.jpg,https://example.com/uyzlzaqvu.jpg,https://docs.lrooomh.com/document/jvpdoxfsrzab
Name_pndtv,cwruavgbso,https://www.gighzsy.com,True,modern,https://example.com/plznyemnb.jpg,"https://example.com/psjttvfxw.jpg,https://example.com/xoudrkxtr.jpg,https://example.com/llxegchsm.jpg",https://docs.mzuvrkt.com/document/ljrpxapbsypj
Name_zsgcu,mlhdwabxko,https://www.ygjbvpg.com,False,default,https://example.com/boibzadxh.jpg,"https://example.com/qnjthbqvm.jpg,https://example.com/sbvzvqrgd.jpg,https://example.com/ljpvszvok.jpg",https://docs.jykxsdx.com/document/ulywkeyrtdss
Name_wlbcz,aamlunorgu,https://www.kghnazr.com,False,standard,https://example.com/gancksvrp.jpg,"https://example.com/mygffobdr.jpg,https://example.com/nmvnsypfa.jpg,https://example.com/uadhimcae.jpg",https://docs.pgnykkg.com/document/fpqkgshlnxvu
Name_kdbwa,vfhdhacsbs,https://www.ktiyryp.com,True,default,https://example.com/usnrrsrhh.jpg,"https://example.com/hnlkhtpel.jpg,https://example.com/wjlcrebsj.jpg,https://example.com/kudmthmsh.jpg",https://docs.znyoiag.com/document/fmlibtyqbxkf
Name_gwzmf,rvtsmxfrgt,https://www.bxakuvx.com,True,modern,https://example.com/jrrwqasvv.jpg,"https://example.com/qeklbscri.jpg,https://example.com/lhswnakig.jpg,https://example.com/sjvvygeli.jpg",https://docs.knhcaut.com/document/jqiwkdvvrryn
Name_nhfyy,nwcyaiyghk,https://www.disppij.com,True,default,https://example.com/mgabqoxkm.jpg,https://example.com/sccwucoio.jpg,https://docs.yjzaizb.com/document/mrnmandcaths
Name_qonrz,opfgkxtkja,https://www.uyvdxxc.com,True,standard,https://example.com/uxprityfw.jpg,"https://example.com/emwzqmdsk.jpg,https://example.com/ykvzyimxo.jpg,https://example.com/kvommfquc.jpg",https://docs.eivcahc.com/document/tmfjbhyiqrug
Name_lywpn,rbinnafogc,https://www.hzgxayj.com,True,default,https://example.com/pkoiowhfu.jpg,"https://example.com/fzxojvver.jpg,https://example.com/lvrtrsang.jpg",https://docs.ddftyof.com/document/rkqmnwfebbtm
Name_vdukw,ocayqbxrox,https://www.utbsvfq.com,True,default,https://example.com/scosavrqn.jpg,https://example.com/bwzupalze.jpg,https://docs.itagpgd.com/document/bjsaadirtneo
Name_hjkof,aidnflqabf,https://www.rlunqww.com,False,default,https://example.com/rmlazfwej.jpg,"https://example.com/ccggickob.jpg,https://example.com/kmfyrxzdo.jpg",https://docs.klvcxkq.com/document/oidksqpewpis
Name_xuktt,rsyhnvkpsc,https://www.avjxoqf.com,False,classic,https://example.com/zubspvcyq.jpg,https://example.com/kaiomzfbw.jpg,https://docs.kveaqku.com/document/peeppylieizo
Name_hiixn,ibdaadpeyb,https://www.prwxqiw.com,False,modern,https://example.com/ajinlmtuf.jpg,https://example.com/dirfbrwkg.jpg,https://docs.wkynjwt.com/document/xydgweuhilei
Name_upmvw,jcuwivnutt,https://www.msmsgeu.com,False,classic,https://example.com/utbqaeazq.jpg,https://example.com/sfvgolbgf.jpg,https://docs.ouuqmre.com/document/znuvmvrfliyz
Name_zlpst,srodvwhxxa,https://www.auqnixa.com,False,standard,https://example.com/onmpdhaco.jpg,https://example.com/txzpqkalp.jpg,https://docs.amwslwg.com/document/lvctietjeson
Name_pysxg,rntzwlxihc,https://www.etsdmfs.com,False,default,https://example.com/ufmxatrbg.jpg,"https://example.com/nkvfeokme.jpg,https://example.com/gvzamcmje.jpg,https://example.com/tkqztvsim.jpg",https://docs.zpixjhc.com/document/hkdzeosrryhu
Name_ztriu,bctpcbrovi,https://www.dyaaqrk.com,False,modern,https://example.com/xtwrbqlpc.jpg,https://example.com/gmwxaksxl.jpg,https://docs.afefjsn.com/document/svlxgzhdqzxg
Name_ppizw,hnojlbrlwa,https://www.fpkcrps.com,False,classic,https://example.com/kykyurlws.jpg,"https://example.com/ugzfakxxn.jpg,https://example.com/eagkurqvo.jpg",https://docs.bcbnvyq.com/document/dcjlcznduofq
Name_ikihw,yochpdvado,https://www.wezktrw.com,False,default,https://example.com/wakciykzr.jpg,"https://example.com/zndwmnvok.jpg,https://example.com/vqudxfocp.jpg",https://docs.txfgyuv.com/document/gwdfldwvgsri
Name_cfygv,nmwadukcpr,https://www.pkpxxah.com,True,classic,https://example.com/gwqoiihdn.jpg,"https://example.com/tijcdlprq.jpg,https://example.com/zqwmgcanw.jpg,https://example.com/autnpxspl.jpg",https://docs.mnjritx.com/document/zfkuytqykfse
Name_dipki,rfivfafcyn,https://www.ivcimxs.com,True,modern,https://example.com/oldixtvdx.jpg,"https://example.com/qrmfdiigy.jpg,https://example.com/ihjaqphhr.jpg,https://example.com/nzsstopbw.jpg",https://docs.ldsuvnu.com/document/edjxguqrrqit
Name_ruvdk,nhgckqaruh,https://www.utnhkio.com,True,default,https://example.com/ddtqwjznw.jpg,https://example.com/hbpjreoja.jpg,https://docs.cbcucbd.com/document/anrkostaqvry
Name_iwhri,ugpmuspjrz,https://www.rxgqnfh.com,True,default,https://example.com/tyvfcmpnk.jpg,"https://example.com/vekfeprwh.jpg,https://example.com/zvgcbpkga.jpg,https://example.com/spewvqjpk.jpg",https://docs.awzzybq.com/document/ndwncxnllqmd
Name_jdkoh,nekbntoaet,https://www.igmxowj.com,False,classic,https://example.com/zdtixtyrs.jpg,https://example.com/zelhibsuo.jpg,https://docs.epkjabv.com/document/yvnnwghnyqpp
Name_elsan,fipgbssorx,https://www.sbkzbnz.com,False,standard,https://example.com/tfeyczulu.jpg,"https://example.com/lomjfsdlo.jpg,https://example.com/dtnyaoiyi.jpg,https://example.com/eiqyyeokp.jpg",https://docs.doankjf.com/document/rmenuhevetmy
Name_mpyre,qvhcqxybwc,https://www.ctfcsxb.com,False,default,https://example.com/sievvmzet.jpg,"https://example.com/fcrbswapn.jpg,https://example.com/otrbicnte.jpg,https://example.com/dthmdqzcu.jpg",https://docs.snwtwsp.com/document/tzsftgxnkayh
Name_llood,iautbzqhtl,https://www.pjnthpd.com,False,modern,https://example.com/tbojlcxhj.jpg,"https://example.com/wqzjysmuw.jpg,https://example.com/vxzycftfp.jpg,https://example.com/pkxrhjxru.jpg",https://docs.fuqcpht.com/document/iubuljubxdui
Name_qhrse,tofdtuvahk,https://www.rozytta.com,False,standard,https://example.com/vychoehle.jpg,"https://example.com/ezdrhmrje.jpg,https://example.com/xfaaibhjs.jpg",https://docs.lpxfvnk.com/document/qrnnhdtjoyot
Name_qifaj,eshuaqxjvt,https://www.ezwuoua.com,False,modern,https://example.com/asyaahdmd.jpg,https://example.com/oduamhatr.jpg,https://docs.cpnvimx.com/document/ayxmkinsojqf
Name_zkxna,mfhwjudrkn,https://www.oxyqvsy.com,False,modern,https://example.com/ixrlqhnkx.jpg,"https://example.com/xuapffwrx.jpg,https://example.com/ylarskgod.jpg",https://docs.szrahca.com/document/ijmvlparnzvv
Name_cpufj,aikkvalxvj,https://www.crautrk.com,True,standard,https://example.com/iugbmnjnd.jpg,"https://example.com/jcioyftyp.jpg,https://example.com/raxwyxugf.jpg",https://docs.hkkkdbg.com/document/xcxoreajfmqy
Name_jrrsq,rrqyftgour,https://www.salxcej.com,False,modern,https://example.com/wvztmdbgu.jpg,"https://example.com/exxlbmzpw.jpg,https://example.com/ririhhxhn.jpg",https://docs.joxltxk.com/document/nfqdghncypct
Name_xyygo,npgcfmflaa,https://www.proujhi.com,False,classic,https://example.com/uctogoxun.jpg,https://example.com/cstdqugkv.jpg,https://docs.ujarfno.com/document/dnrdmjlqaqxf
Name_fyoiv,ygdfwwyjsn,https://www.xsyinxq.com,False,classic,https://example.com/tcfbkkksw.jpg,"https://example.com/ibwwgulpt.jpg,https://example.com/ehocruscf.jpg,https://example.com/xnzomdtqn.jpg",https://docs.okzakor.com/document/ikzyulbvyude
Name_hlbnu,nwbtyasrsp,https://www.fvcqgao.com,True,standard,https://example.com/yapfoipvu.jpg,"https://example.com/xdvpjzsjb.jpg,https://example.com/rfaplftwh.jpg,https://example.com/hphrlfroz.jpg",https://docs.ioagstb.com/document/whhyboxdxpzw
Name_xjwnr,rbtrsyezdq,https://www.mbdmqsl.com,True,standard,https://example.com/hvycezyck.jpg,"https://example.com/mjjnbpesp.jpg,https://example.com/uebntfnkw.jpg,https://example.com/omszypohw.jpg",https://docs.tbvfscq.com/document/fyijddkrycvh
Name_ldcbd,ieebcipexv,https://www.qvjaeod.com,False,classic,https://example.com/apknaluiw.jpg,"https://example.com/ylraivqfd.jpg,https://example.com/ndcyyuwxq.jpg,https://example.com/hvuazkxjx.jpg",https://docs.kueyxfl.com/document/etripsrdfdwv
Name_cvglu,rcicyltbkw,https://www.rnnptns.com,True,modern,https://example.com/uzikmpisd.jpg,"https://example.com/xnjdcengj.jpg,https://example.com/jcvqlyfns.jpg,https://example.com/jvcdrwbvl.jpg",https://docs.dmjxsho.com/document/wjahbwjahlma
Name_ggtrz,abikmgzqji,https://www.qkbztqw.com,True,modern,https://example.com/nloqvxwsm.jpg,"https://example.com/scgrpxdgu.jpg,https://example.com/zllhvuqav.jpg",https://docs.ukoxkwv.com/document/riljebckqwar
Name_cygnp,suugdrmobk,https://www.uumsihv.com,True,modern,https://example.com/oipzzoxtj.jpg,"https://example.com/oksixanem.jpg,https://example.com/dwceevhuo.jpg",https://docs.pxftuld.com/document/rtyljibfktuo
Name_fqaqg,evspiratno,https://www.vztimqz.com,True,classic,https://example.com/aquffmzla.jpg,"https://example.com/cuvldrywa.jpg,https://example.com/wklwuyhtk.jpg",https://docs.lkblxoa.com/document/azjhenfqmfzu
Name_drype,pyjhwgyjzv,https://www.dhkftqb.com,True,classic,https://example.com/pakxfvlen.jpg,"https://example.com/fmxqxdand.jpg,https://example.com/ufrolldgw.jpg",https://docs.jxgqrhc.com/document/nqlphwzutnrx
Name_lqvyb,bdvrjyxzqe,https://www.fnoxtuf.com,True,modern,https://example.com/crqnkixar.jpg,"https://example.com/lqnjgvbea.jpg,https://example.com/klmyzqfoi.jpg",https://docs.hkvtqed.com/document/flumwqsgubid
Name_oxgkg,iovyflhrdw,https://www.webqaur.com,True,classic,https://example.com/sxhmkagoj.jpg,"https://example.com/cdmftnhbj.jpg,https://example.com/yswwsimwi.jpg,https://example.com/xsoykzpcs.jpg",https://docs.kalnhsk.com/document/otgrryrkhbxg
Name_mehnn,iiaazafreq,https://www.yivehce.com,False,default,https://example.com/fcmkfyxhf.jpg,"https://example.com/hovgjnpvt.jpg,https://example.com/ykikpcdis.jpg,https://example.com/vhphnqvbr.jpg",https://docs.kfqzabf.com/document/wkijlehckzgo
Name_ajkxg,gmkpocjgve,https://www.idysoyk.com,False,classic,https://example.com/syznukfrs.jpg,"https://example.com/ajiydjzuz.jpg,https://example.com/melksssrg.jpg,https://example.com/izissipqm.jpg",https://docs.jtbaezp.com/document/lfhggnpwrujn
Name_rkdba,klmuueqiwr,https://www.suayvbh.com,True,standard,https://example.com/phfbfbpqg.jpg,https://example.com/hyxjmalfk.jpg,https://docs.jceonjv.com/document/craagcksvijt
Name_dpxgb,axythdmptm,https://www.sxucqxb.com,False,standard,https://example.com/aujuwndsx.jpg,https://example.com/ywawokned.jpg,https://docs.xggrnsc.com/document/cbdxacspkyvm
Name_zrlpl,splntdqstn,https://www.msobnie.com,False,modern,https://example.com/guwutvoak.jpg,"https://example.com/jdbutbhzs.jpg,https://example.com/dmsoqokue.jpg,https://example.com/mbbdzxjta.jpg",https://docs.tdoupdv.com/document/xhfwqzmngmny
Name_hndoh,hwpetursos,https://www.fbmckmz.com,False,standard,https://example.com/smjwnccyj.jpg,"https://example.com/uxfvzciya.jpg,https://example.com/spypjxsgq.jpg,https://example.com/cgfgotnrv.jpg",https://docs.dcygswy.com/document/amdtujrgaepg
Name_unubh,jxbmmwwijn,https://www.xcdjykw.com,True,standard,https://example.com/kwtxtjtqs.jpg,"https://example.com/cqiolifeq.jpg,https://example.com/pyljzciig.jpg",https://docs.lqhimmd.com/document/cmvvlxgiyxep
Name_xpbnd,etylogfvbc,https://www.bslgkaz.com,False,standard,https://example.com/sxeuslpck.jpg,"https://example.com/wngqcgpcc.jpg,https://example.com/rcwrzhlvn.jpg",https://docs.otonqhh.com/document/ouvxnxpjyhah
Name_wzfzh,qzqgxkuepm,https://www.lpyzufg.com,True,default,https://example.com/iqbmihkom.jpg,"https://example.com/nudiwlbfm.jpg,https://example.com/wtzlbijkz.jpg,https://example.com/mtzcjcsjr.jpg",https://docs.tgiisol.com/document/ukfppsalzaoq
Name_cbhvt,ijbbglggai,https://www.mqjoijc.com,True,classic,https://example.com/czcsdszxc.jpg,"https://example.com/zhfvqvhxt.jpg,https://example.com/aosikhnmz.jpg,https://example.com/nmhvbkglo.jpg",https://docs.jhantpk.com/document/nkdpzyzfgjgv
Name_anlik,ssfprertrt,https://www.xosdbrv.com,False,modern,https://example.com/gickjfyrf.jpg,https://example.com/qzwbhwggx.jpg,https://docs.lbkcxlg.com/document/rbyskjqjhpky
Name_oouos,muokilgqfl,https://www.heenbpi.com,True,default,https://example.com/czwbmfiyo.jpg,"https://example.com/mqvskhbxz.jpg,https://example.com/ujsctfvkz.jpg",https://docs.famhtdb.com/document/vxbzqrhsapmu
Name_jptso,kaboezikcr,https://www.jszgcen.com,False,default,https://example.com/pislgknav.jpg,https://example.com/frpdtafgr.jpg,https://docs.jjtmusj.com/document/dlmmflclmbid
Name_vzbgb,fbpcbkfrxz,https://www.prynjqj.com,True,modern,https://example.com/ygjxjqwoe.jpg,"https://example.com/gsnymhwrr.jpg,https://example.com/bgxmcfpej.jpg",https://docs.behkone.com/document/dofubtglldyu
Name_sgktn,wemqcrlxat,https://www.bsbjtrv.com,False,default,https://example.com/gdlvzknxd.jpg,https://example.com/hffmygdal.jpg,https://docs.zijxghq.com/document/gccjidpdctcz
Name_bvygl,saffergprq,https://www.wtcrfen.com,True,classic,https://example.com/zfifppxmn.jpg,"https://example.com/dniwoswdb.jpg,https://example.com/firfysmoh.jpg",https://docs.gbgfmgf.com/document/inxdmdbyzolw
Name_vtyxa,mdtuinuktk,https://www.vbtzzmq.com,True,classic,https://example.com/rogmfwhym.jpg,"https://example.com/bdfzvjwvb.jpg,https://example.com/qdpzllsue.jpg",https://docs.mbwbphq.com/document/cbuvirijjmkm
Name_rarjj,xiczbdhcnl,https://www.bcausjt.com,False,classic,https://example.com/aussdzxlw.jpg,https://example.com/tnvneljvc.jpg,https://docs.njemolo.com/document/pvwnngvdwxhw
Name_euain,sjzdcsazme,https://www.ivxbvoo.com,True,modern,https://example.com/bkzshbtzh.jpg,"https://example.com/laztkxtfe.jpg,https://example.com/ftxholeos.jpg",https://docs.xkdzrmk.com/document/cggxprgjiatk
Name_ibzdu,uxsgaygomz,https://www.kakefrw.com,True,modern,https://example.com/ouvtiltfs.jpg,"https://example.com/ijrhoivqe.jpg,https://example.com/mvmgtkqvp.jpg,https://example.com/rssltmwyz.jpg",https://docs.qahilkh.com/document/vpkemawaqasy
Name_ryufj,muxpwypvkb,https://www.ucujqyl.com,True,default,https://example.com/wkpnorjls.jpg,"https://example.com/jccjvtbul.jpg,https://example.com/bimsehapg.jpg",https://docs.mdzhjub.com/document/rjfwlhtorbxu
Name_ffbks,edrstjpawi,https://www.wulrbim.com,True,standard,https://example.com/xhemvoqmn.jpg,https://example.com/advnfsgbn.jpg,https://docs.ezjnxbu.com/document/szwrsiatvyuu
Name_tirku,evbnzyqkcl,https://www.zornmdk.com,True,default,https://example.com/pchgqfieg.jpg,"https://example.com/lrezruwvp.jpg,https://example.com/bhzmakqjx.jpg,https://example.com/nvuggxjek.jpg",https://docs.lhgbnyp.com/document/awnvifewfith
Name_lrckn,mjakxbwoyj,https://www.sunbhci.com,False,classic,https://example.com/hymcxdabf.jpg,"https://example.com/tkkjmhnbv.jpg,https://example.com/luitjrchp.jpg",https://docs.azozzjm.com/document/phypppkyswgh
Name_wxqox,edilwhegic,https://www.arjqtei.com,True,modern,https://example.com/ymblfvppb.jpg,https://example.com/jsuwuhiss.jpg,https://docs.ebvnhps.com/document/knnhdfkserfc
Name_nlizq,oovfhfcuwq,https://www.zzwiiru.com,True,standard,https://example.com/gaetrvcdr.jpg,https://example.com/rpoutquyz.jpg,https://docs.vbmrpoa.com/document/qmbhmmzmhubg
Name_ogqfn,qnazhkysxy,https://www.qhbobsa.com,False,modern,https://example.com/zjmyvilaf.jpg,"https://example.com/hfmwcngwr.jpg,https://example.com/hstejdxlc.jpg",https://docs.qopkbwa.com/document/lpqxxhwhttvp
Name_tjeki,nhjiuolzyj,https://www.jfrnwyp.com,False,classic,https://example.com/zgvjyvkic.jpg,"https://example.com/bzmdujzku.jpg,https://example.com/wcoxnqfmq.jpg",https://docs.srvudjo.com/document/ayxldaekkfgf
Name_mpdys,mufvvjzubs,https://www.fijrtpk.com,True,default,https://example.com/bviqpgtdb.jpg,"https://example.com/tugmtdwbx.jpg,https://example.com/nzjjyncju.jpg,https://example.com/aqvwnvydy.jpg",https://docs.yfhgzch.com/document/nzqjedesuqxo
Name_ppklx,cekixrastw,https://www.zglqnhq.com,False,default,https://example.com/aefwrazks.jpg,https://example.com/zokpgresb.jpg,https://docs.xickhnl.com/document/ldpzstfbmyfx
Name_qzwpd,ufxcwhexwl,https://www.mrhsvll.com,True,default,https://example.com/ylzpyenou.jpg,"https://example.com/btuzcscez.jpg,https://example.com/slefetupx.jpg,https://example.com/exgsqptai.jpg",https://docs.bvgalwc.com/document/cuwcflnnxxyt
Name_lrbux,xyoudhlrjn,https://www.wtpahnn.com,True,standard,https://example.com/hdjybbvar.jpg,"https://example.com/iodnocxkq.jpg,https://example.com/qgkngmvuu.jpg",https://docs.xpsfqvo.com/document/zzyxgeberbll
Name_tccsi,vyayutzhjj,https://www.jhfesgl.com,False,modern,https://example.com/zrxrxsusq.jpg,"https://example.com/myzhiovxi.jpg,https://example.com/rkavogtyo.jpg,https://example.com/iiitmvyrh.jpg",https://docs.vfypjod.com/document/hulopwtxfyfo
Name_ubfbs,wfmcuioyyd,https://www.bwuzvxu.com,False,modern,https://example.com/pahogbvld.jpg,"https://example.com/datauxnyj.jpg,https://example.com/kukqrfmqw.jpg,https://example.com/ligxsqsib.jpg",https://docs.sraddjv.com/document/ziriovtryhco
Name_ygqub,jnogvpfufx,https://www.illjdkh.com,False,classic,https://example.com/ztnxilstk.jpg,"https://example.com/jocuorxmp.jpg,https://example.com/smtvhzlip.jpg,https://example.com/ojvuboqww.jpg",https://docs.ldsrigq.com/document/xxpcckldlqtj
Name_wgdub,jcuysghwaa,https://www.buamyic.com,False,default,https://example.com/ikwdlqqwq.jpg,"https://example.com/dwjxbpniz.jpg,https://example.com/kvqebpbtq.jpg,https://example.com/udxqgvtco.jpg",https://docs.nwnceaa.com/document/vadeqcezbshj
Name_lgeho,xnrenirqnz,https://www.etrwziz.com,False,standard,https://example.com/zrzmxgivm.jpg,"https://example.com/gyvwokhiu.jpg,https://example.com/jtvpxrvqh.jpg",https://docs.hmknrey.com/document/qzynneffoqum
Name_esfcf,aqbeoiohby,https://www.hldgepy.com,True,modern,https://example.com/iqzwuahiw.jpg,"https://example.com/iucdmrnhv.jpg,https://example.com/ehdhbsjiq.jpg,https://example.com/pzsrpityu.jpg",https://docs.fybhhzp.com/document/btrvqgymyojl
Name_buonj,gwtojlujjo,https://www.ilcnsvu.com,False,standard,https://example.com/qwochvebn.jpg,https://example.com/yrpooldil.jpg,https://docs.iylbhpq.com/document/yrazywlyfnxt
Name_zjhfm,bfmvdefqiv,https://www.aouwcca.com,False,standard,https://example.com/ggujiqdee.jpg,https://example.com/amaetfuba.jpg,https://docs.ejkdsiz.com/document/cvaryvfnochp
Name_hztaw,eqjaksebtj,https://www.aqidcgp.com,True,standard,https://example.com/rdoeokgen.jpg,"https://example.com/qcxrylxgs.jpg,https://example.com/tnrktpfqq.jpg",https://docs.erqyamu.com/document/mwzbxxqddzat
Name_iuxuy,tbixmeghfp,https://www.hwysujj.com,True,standard,https://example.com/ajkhznivd.jpg,"https://example.com/lcszfpquc.jpg,https://example.com/gwceoecwf.jpg,https://example.com/qdkvqfqfu.jpg",https://docs.decfbbf.com/document/zyudayemuogh
Name_fouoj,cjarmoprpb,https://www.kiccwkb.com,True,default,https://example.com/dczdfglad.jpg,https://example.com/cupjgojyw.jpg,https://docs.qogrtxr.com/document/uoowtjvauzsp
Name_njvbg,sgqjrewmro,https://www.dumbkie.com,False,classic,https://example.com/mbmpgwvdd.jpg,"https://example.com/gegtofejz.jpg,https://example.com/xviqblmkr.jpg,https://example.com/frxcxihxo.jpg",https://docs.gkrascg.com/document/hjpsdkykdcbl
Name_qwgfy,hgiwpkypdq,https://www.buykott.com,True,classic,https://example.com/hosxwsqab.jpg,https://example.com/zijjjosle.jpg,https://docs.zskebgn.com/document/tgkvslfswrqw
Name_zohqj,rwsbxzufds,https://www.ebiieko.com,False,classic,https://example.com/olkowgshb.jpg,https://example.com/yoozncaqo.jpg,https://docs.uernsyu.com/document/avtszhjxmhtl
Name_xxrhp,yxnawbcuvi,https://www.cymzbsj.com,False,classic,https://example.com/ieqlsmdgu.jpg,"https://example.com/rpzseeqmi.jpg,https://example.com/dgslgbtik.jpg",https://docs.ynmwila.com/document/ifppyqbmvevx
Name_jplmb,eicnnqxaxl,https://www.egzhetx.com,False,classic,https://example.com/uvvuwkgjt.jpg,https://example.com/smddcslip.jpg,https://docs.ysmlfjt.com/document/bnyfvizqputq
Name_prtqk,qcdsjkeovc,https://www.ttfwmjo.com,True,modern,https://example.com/crrrxkojc.jpg,"https://example.com/slmetdbwr.jpg,https://example.com/egfwkivry.jpg",https://docs.nxnuiht.com/document/tceyyhhzfydw
Name_cbkmh,zjhnesnohf,https://www.eqwercx.com,False,default,https://example.com/erabxiart.jpg,https://example.com/uupafxfwt.jpg,https://docs.csfjred.com/document/naivrycxnwat
Name_dvpli,stsnkexmxe,https://www.inbznib.com,True,modern,https://example.com/scujdhcco.jpg,"https://example.com/gdorvcokn.jpg,https://example.com/ztfnvpkkt.jpg",https://docs.urkjyaq.com/document/bqxjslsyfspb
Name_latyk,gpyfhlnjfv,https://www.wnnzrnf.com,True,modern,https://example.com/hysppifbg.jpg,"https://example.com/lycdzrnxg.jpg,https://example.com/cxaoyyfan.jpg,https://example.com/kakagnjrh.jpg",https://docs.yayvbfp.com/document/kgipumwueyqu
Name_anibg,kworyhogdz,https://www.qyfqlhm.com,False,default,https://example.com/dsutbiuuc.jpg,"https://example.com/zpjtxdnqi.jpg,https://example.com/qmzqfictc.jpg",https://docs.loipkvi.com/document/lbjycdkjbyra
Name_oakjn,wbklpkjsle,https://www.tbtqyll.com,False,default,https://example.com/fbcnihkpo.jpg,"https://example.com/qwgbdzeft.jpg,https://example.com/wasntddlg.jpg",https://docs.oxnwnlj.com/document/qyevacjllvgm
Name_efccu,wmjcirxflx,https://www.eoawchw.com,False,default,https://example.com/ofzqeppfg.jpg,"https://example.com/gbsbawvmy.jpg,https://example.com/bjopsmcoz.jpg,https://example.com/pofpsexqu.jpg",https://docs.wvnpxde.com/document/revrqivuriwd
Name_xskxo,zyouxzcqiz,https://www.urkyzmj.com,False,classic,https://example.com/rhvbfobls.jpg,"https://example.com/jeoyszrdw.jpg,https://example.com/pwijtwtnp.jpg,https://example.com/gsxrvtrtb.jpg",https://docs.qmnsuph.com/document/chgiimmajjpy
Name_bobxj,uvlakpxdqk,https://www.yznnyqc.com,True,modern,https://example.com/awnusirpf.jpg,https://example.com/ahwdfmsjh.jpg,https://docs.fopjyzd.com/document/sibnlyznaeku
Name_yzmkt,umjxfamctg,https://www.lyonvuj.com,True,default,https://example.com/hgicnvhce.jpg,https://example.com/ypsnteefp.jpg,https://docs.optftgy.com/document/krlkhwdfpamx
Name_rhhyc,dtxzhiftni,https://www.qxwqink.com,True,modern,https://example.com/hwvldljaw.jpg,"https://example.com/nhdygmyqu.jpg,https://example.com/aexkzzjjn.jpg,https://example.com/xyccbstzx.jpg",https://docs.mevlsjs.com/document/nkgooczvloho
Name_xyfkr,qbvktbvxos,https://www.jmjxnik.com,False,modern,https://example.com/spylsybtr.jpg,"https://example.com/qzovelbvr.jpg,https://example.com/gcwftkyqf.jpg",https://docs.wekzhgz.com/document/edxfxlxqbqup
Name_oqpep,gqucflzmto,https://www.tiaajdg.com,False,classic,https://example.com/jvabszlqg.jpg,"https://example.com/jnykndnqa.jpg,https://example.com/kaaqgmnqd.jpg",https://docs.fihmuvy.com/document/bmfonnsndnhr
Name_ofjpu,hflgzowonb,https://www.riguous.com,False,default,https://example.com/xaekagsxb.jpg,https://example.com/lyxuerbhb.jpg,https://docs.bayrnsb.com/document/yjclryzooxbc
Name_psfbd,gckcwcjnfj,https://www.igkdmit.com,False,modern,https://example.com/dgyksyvnz.jpg,"https://example.com/azxzqrvkr.jpg,https://example.com/rtmqowdfk.jpg,https://example.com/xhdcpsaup.jpg",https://docs.bqaojjb.com/document/zjfnqpfudvls
Name_ktwvx,uentsodqdf,https://www.jhprmae.com,True,standard,https://example.com/njaiymssj.jpg,"https://example.com/qezhpnaow.jpg,https://example.com/hpmemeoqt.jpg,https://example.com/fzsrdjrrs.jpg",https://docs.rptypko.com/document/cijuwjjrscmd
Name_qviss,bxarytouid,https://www.tcirouf.com,True,classic,https://example.com/fhgtvnrwq.jpg,"https://example.com/tablolxkv.jpg,https://example.com/zygbgttjk.jpg,https://example.com/lcfvndnmm.jpg",https://docs.jiavrxx.com/document/gjhpziqgllhc
Name_mqsxz,izqkqhmgck,https://www.niovkjg.com,True,standard,https://example.com/pwiduaimt.jpg,"https://example.com/rpkistmht.jpg,https://example.com/ededhickz.jpg",https://docs.eosvsgn.com/document/irbshwlnblkr
Name_gstex,fmxamqqyhd,https://www.sgibape.com,False,classic,https://example.com/lcxrzrpbn.jpg,"https://example.com/rdbstsdln.jpg,https://example.com/eqnsiswie.jpg,https://example.com/ymprpmrig.jpg",https://docs.qlebvbi.com/document/bpxpqxzenxok
Name_ozzxx,jjsrwlbmro,https://www.srhegwq.com,True,classic,https://example.com/gerhmufsm.jpg,"https://example.com/kvjntgpxz.jpg,https://example.com/immtxhiyq.jpg",https://docs.dyiqqve.com/document/mmccwdunakmb
Name_mcpdo,ukcoczipcg,https://www.lkoqcqn.com,True,modern,https://example.com/bdrqjembd.jpg,https://example.com/ipwirtpwr.jpg,https://docs.hrixvbr.com/document/fihmvgaaztwd
Name_yrmgu,txjiyvbdlh,https://www.lukeynr.com,False,classic,https://example.com/itowxjagr.jpg,"https://example.com/wqtdabizd.jpg,https://example.com/ugnhyokza.jpg,https://example.com/uinembgza.jpg",https://docs.mkfrztj.com/document/ewlehznctaon
Name_immto,wpjeemkoen,https://www.pafyquw.com,True,default,https://example.com/jckvccoxy.jpg,"https://example.com/xkolsdjok.jpg,https://example.com/umvokcgzv.jpg",https://docs.llrldnd.com/document/mkxuqkxlzxki
Name_xuurh,ylkvpkrxjn,https://www.snuzcfi.com,True,standard,https://example.com/ehpckaphp.jpg,"https://example.com/ecndcpfzj.jpg,https://example.com/hmxygeqsv.jpg",https://docs.ddbgucl.com/document/bxhogerltsgj
Name_bhpas,yrotzjrdlc,https://www.ovaoizq.com,False,standard,https://example.com/jtmhyqzen.jpg,"https://example.com/kmzlsrrty.jpg,https://example.com/lxrwtlhkn.jpg",https://docs.rddlvqg.com/document/injkfftvrkid
Name_ugbao,nzqvnlodvl,https://www.womvvjw.com,True,classic,https://example.com/smpgdzpta.jpg,"https://example.com/efnzihwkk.jpg,https://example.com/lxeujprqk.jpg,https://example.com/cjgkflaoq.jpg",https://docs.hbdxecf.com/document/nycagtlnroie
Name_wiomu,ddwkeubzjl,https://www.fdlffzt.com,True,classic,https://example.com/vjzdetaed.jpg,"https://example.com/ubjelgepk.jpg,https://example.com/heiovewsw.jpg,https://example.com/uujgdrkvb.jpg",https://docs.pfjpzmc.com/document/htgcywsatmbl
Name_yfiur,ikdlaatvdz,https://www.roagxxv.com,True,default,https://example.com/urrylmome.jpg,"https://example.com/vawkmjqia.jpg,https://example.com/bhocnalxd.jpg,https://example.com/zxqnzxrvb.jpg",https://docs.ybxxmfh.com/document/hglitvdwnbll
Name_gnqoy,dquvsymfnq,https://www.bahzoat.com,False,standard,https://example.com/mdxddsbbl.jpg,"https://example.com/esmyuquqd.jpg,https://example.com/faelfjtgh.jpg,https://example.com/btvbkirms.jpg",https://docs.pqxlgcf.com/document/gnrlfvlqnbdb
Name_duvzl,khescqlgyp,https://www.ungaaqh.com,True,default,https://example.com/odbscdxzf.jpg,https://example.com/nynuwjqwv.jpg,https://docs.zglmmsg.com/document/ycykwykwckak
Name_kjqix,dxjukxpsta,https://www.bnpkoix.com,False,default,https://example.com/sinpwiyho.jpg,https://example.com/hrhgxezyp.jpg,https://docs.goiqnrh.com/document/vjfzozobmkjj
Name_jmpkp,ecikggomra,https://www.wfebmjt.com,False,default,https://example.com/auvcxbazp.jpg,"https://example.com/zsnrgxsxh.jpg,https://example.com/gzakrormt.jpg,https://example.com/zehdrvtnj.jpg",https://docs.wabjvrq.com/document/kvmbiphhotnm
Name_ezxok,socpydxzkd,https://www.msnvfpm.com,True,modern,https://example.com/gmjektcfy.jpg,"https://example.com/eojkfmdhx.jpg,https://example.com/pvuiqtrfw.jpg,https://example.com/mhxkevflx.jpg",https://docs.afwckqz.com/document/nkxegmdzmavx
Name_vubwx,pzwcewjgtp,https://www.iioqwgj.com,False,default,https://example.com/lopvffqmv.jpg,https://example.com/rizchgxup.jpg,https://docs.bbkuwwz.com/document/ydvuhshwqfhj
Name_yofhg,xehvzdvicg,https://www.cobxslo.com,True,default,https://example.com/udooaayux.jpg,"https://example.com/igqbktiug.jpg,https://example.com/qiluhatnt.jpg",https://docs.fvdecjm.com/document/fhkskobmlfrj
Name_aywtg,hhhyybpplt,https://www.bmjhsqs.com,False,standard,https://example.com/glouvdczl.jpg,https://example.com/dvtluaezc.jpg,https://docs.xgpbfhh.com/document/zawemsfcoxqo
Name_xeklc,kptypmvffl,https://www.izdplzl.com,False,default,https://example.com/njeuvqadm.jpg,"https://example.com/iqjokugkh.jpg,https://example.com/wspwdxxeu.jpg,https://example.com/bupfayyfb.jpg",https://docs.wcziwbt.com/document/gtbcsljtqokk
Name_sxcbl,rkoeqhfstj,https://www.pxekrzl.com,False,classic,https://example.com/ilanqwfyd.jpg,"https://example.com/gilzyobuk.jpg,https://example.com/soknhvoxd.jpg,https://example.com/cgnerxqur.jpg",https://docs.whnemlg.com/document/qpzhcjaynabk
Name_sdtcz,clbpwauuiq,https://www.jgdxmpa.com,False,default,https://example.com/npbillwmw.jpg,"https://example.com/nktdtpmnd.jpg,https://example.com/aiyflktno.jpg",https://docs.bvoyzjn.com/document/aydzxcrixhpr
Name_jpffj,xagoooalfr,https://www.xhuxfuy.com,True,classic,https://example.com/pzdsysopi.jpg,"https://example.com/kvrisvvkd.jpg,https://example.com/jfdzjbese.jpg",https://docs.lopllaa.com/document/rlqhnodcahtp
Name_okqbh,ytftyzyldu,https://www.xyaorlo.com,False,modern,https://example.com/ceumwnpjk.jpg,"https://example.com/nvvmilqtl.jpg,https://example.com/jwmcbnouh.jpg",https://docs.ptwlcjt.com/document/ffnnormnkgiw
Name_jkhhh,aojbtayirm,https://www.gkrxkzo.com,True,default,https://example.com/ilqcjaoyp.jpg,"https://example.com/kaakunzcf.jpg,https://example.com/wopldormr.jpg,https://example.com/epnmnnyem.jpg",https://docs.asreyxk.com/document/dsrugbukgdbi
Name_dowjs,chxteihbjo,https://www.pdharvb.com,True,classic,https://example.com/xkddeixid.jpg,https://example.com/kukwbnfnk.jpg,https://docs.ragokjp.com/document/fjsbzxxxtjsk
Name_ctbuh,zntxpiwgkk,https://www.qzjpmrf.com,True,standard,https://example.com/rdvgkpuva.jpg,"https://example.com/nhyvzavia.jpg,https://example.com/gxdgpbnpy.jpg,https://example.com/dabimkkbs.jpg",https://docs.uprqfzy.com/document/iqnjkomimdwc
Name_dgmee,ebanmjtqzo,https://www.pktibjr.com,True,default,https://example.com/baocpazto.jpg,https://example.com/fjmhwsbha.jpg,https://docs.bfkwonz.com/document/lclzlyuqiubq
Name_vpxuc,guxdccqfpd,https://www.wrnnvym.com,True,classic,https://example.com/hhtxjjwbg.jpg,"https://example.com/hskpnropi.jpg,https://example.com/boepjasjy.jpg",https://docs.sqywdnj.com/document/zbfkouvxpwnn
Name_jqghj,oibyexolbh,https://www.rcbrkqe.com,True,standard,https://example.com/nibkkogtg.jpg,"https://example.com/tsbrgremk.jpg,https://example.com/ihxdzcwrm.jpg,https://example.com/ocogrlbrp.jpg",https://docs.aevxgio.com/document/cysjqzqozeuh
Name_upjpe,wcyywmlhgk,https://www.ptloxtu.com,True,classic,https://example.com/wmqqcwxzf.jpg,"https://example.com/nfplgqolk.jpg,https://example.com/iplkybnnw.jpg",https://docs.orptrgi.com/document/lwbburvjetzu
Name_vqpil,qimfjlmqxt,https://www.rxlqbzd.com,False,standard,https://example.com/xlacihagb.jpg,https://example.com/hqnudcuru.jpg,https://docs.pigvupz.com/document/lduhqwnuxbwf
Name_baion,otmcakyned,https://www.dsdrizr.com,True,default,https://example.com/muljszwuz.jpg,"https://example.com/cjqxoucts.jpg,https://example.com/auogzfvyp.jpg",https://docs.yffrfjt.com/document/ebsfxlondpfh
Name_evgqn,ootjoysifc,https://www.qjmolpa.com,False,modern,https://example.com/sugbwzylj.jpg,"https://example.com/xyefebjoa.jpg,https://example.com/whjdiohhb.jpg,https://example.com/kccmxokgn.jpg",https://docs.ksmepae.com/document/kblpdefoexdk
Name_uhjpy,frmgdxzcgx,https://www.ngvpmfb.com,False,classic,https://example.com/hbevdqzka.jpg,"https://example.com/yjkejxetf.jpg,https://example.com/iqopluvex.jpg,https://example.com/mtyxytfoy.jpg",https://docs.rfmekyv.com/document/qpnurmosiemm
Name_cqptx,eghjypfjri,https://www.pyhchgd.com,False,modern,https://example.com/mxomgnraq.jpg,https://example.com/svhwlrrhf.jpg,https://docs.ntulont.com/document/tepyrmpckawq
Name_ssntl,auaucvnqym,https://www.ytjoaqj.com,False,modern,https://example.com/sgtwrnpoy.jpg,"https://example.com/ceeehvpgf.jpg,https://example.com/ogkjbaglf.jpg,https://example.com/yfftukied.jpg",https://docs.wckriru.com/document/zdbknkqnwdyf
Name_rkhmw,asnuxfarfq,https://www.mirqtkq.com,False,standard,https://example.com/hzowzypcm.jpg,"https://example.com/efdviqryw.jpg,https://example.com/uybrnamlw.jpg,https://example.com/ciqucicnd.jpg",https://docs.lhtlahd.com/document/uytyomydhalu
Name_kbrat,dftltcsynh,https://www.yetaauj.com,True,default,https://example.com/tpztovbwg.jpg,https://example.com/ltytvreiz.jpg,https://docs.ayrzzhf.com/document/olqzkolbzgam
Name_sgmcc,sqafquircs,https://www.nuhxvwk.com,True,default,https://example.com/ukztddxdo.jpg,https://example.com/nkxvggrce.jpg,https://docs.gecwgud.com/document/phqnxvwszeql
Name_afoxc,psdorpduhv,https://www.rxsiula.com,True,modern,https://example.com/abjdodmlm.jpg,"https://example.com/bqobvxwzg.jpg,https://example.com/kwfhjnqex.jpg,https://example.com/zavuztpce.jpg",https://docs.xquqxdq.com/document/rloscxufsqtl
Name_wmjln,wrscjtvtfx,https://www.bfsytdb.com,False,standard,https://example.com/jtuxfhzwg.jpg,https://example.com/ileswttfi.jpg,https://docs.bvpaotx.com/document/avtwwonjbvij
Name_lhjnj,ozvozrfwho,https://www.pdooxip.com,True,default,https://example.com/tvcwmynok.jpg,https://example.com/vnbrtckam.jpg,https://docs.byunlgl.com/document/tklychcuahcg
Name_pvpmw,amvmiqonqr,https://www.giljcsr.com,False,classic,https://example.com/hceyozcfa.jpg,"https://example.com/cjyqolhps.jpg,https://example.com/ceoxhkukc.jpg",https://docs.wxgmqaf.com/document/dqqovdbzqxld
Name_cakmc,uwdpnnihke,https://www.rhjldlg.com,True,classic,https://example.com/idhsnsoot.jpg,https://example.com/eobnfpkqz.jpg,https://docs.ajndrgf.com/document/eiiubgzfcqre
Name_zpigr,gcsolguqqt,https://www.yjfmirx.com,False,default,https://example.com/oxtprujgu.jpg,"https://example.com/dvonivevb.jpg,https://example.com/jznvqzdyp.jpg",https://docs.wnswlxu.com/document/nlmnudepwhry
Name_jesto,nkteiskfss,https://www.rhysdxt.com,True,modern,https://example.com/itwucgwox.jpg,"https://example.com/eueeykzfc.jpg,https://example.com/kdzmjwiye.jpg,https://example.com/rqkjukxbp.jpg",https://docs.jjvxgcu.com/document/wgovqrhvjkee
Name_bndis,vxijzrbdgj,https://www.mdusxlj.com,True,standard,https://example.com/rqozegbni.jpg,https://example.com/wzrncbfjq.jpg,https://docs.wuxngdc.com/document/rwutkeytfuku